ID,Name,CaptionTextID,IconID,RequiredPropertyID,CompareType,pad2,FormatType,unknown_1,unknown_2,pad,
0,None,-1,0,0,0,0,0,[0|0|0|0],0,[0|0|0|0|0|0|0|0]
1000,[All] Name,-1,-1,0,0,0,0,[0|0|0|0],0,[0|0|0|0|0|0|0|0]
1001,[All] Description (Short),-1,-1,0,0,0,0,[0|0|0|0],0,[0|0|0|0|0|0|0|0]
1002,[All] Description (Large),-1,-1,0,0,0,0,[0|0|0|0],0,[0|0|0|0|0|0|0|0]
1003,[All] Weight,11351,-1,0,2,0,0,[0|0|0|0],0,[0|0|0|0|0|0|0|0]
1004,[All] Sort ID,-1,-1,0,2,0,0,[0|0|0|0],0,[0|0|0|0|0|0|0|0]
1005,,-1,-1,0,0,0,0,[0|0|0|0],0,[0|0|0|0|0|0|0|0]
1010,[Item] Current no. in slot,-1,31501,0,0,0,0,[0|0|0|0],0,[0|0|0|0|0|0|0|0]
1011,[Item] Max no. in slot,-1,-1,0,0,0,0,[0|0|0|0],0,[0|0|0|0|0|0|0|0]
1012,,-1,-1,0,0,0,0,[0|0|0|0],0,[0|0|0|0|0|0|0|0]
1013,,-1,-1,0,0,0,0,[0|0|0|0],0,[0|0|0|0|0|0|0|0]
1014,[Item] Max no. per slot,-1,31501,0,0,0,0,[0|0|0|0],0,[0|0|0|0|0|0|0|0]
1015,[Item] Max no. per slot,11410,-1,0,0,0,0,[0|0|0|0],0,[0|0|0|0|0|0|0|0]
1016,[Item] Total carried,-1,31500,0,0,0,0,[0|0|0|0],0,[0|0|0|0|0|0|0|0]
1020,,12000,31020,0,0,0,2,[0|0|0|0],0,[0|0|0|0|0|0|0|0]
1021,,12010,31021,0,0,0,0,[0|0|0|0],0,[0|0|0|0|0|0|0|0]
1030,,-1,-1,0,0,0,0,[0|0|0|0],0,[0|0|0|0|0|0|0|0]
1031,,-1,-1,0,0,0,0,[0|0|0|0],0,[0|0|0|0|0|0|0|0]
1032,,-1,-1,0,0,0,0,[0|0|0|0],0,[0|0|0|0|0|0|0|0]
1040,,-1,-1,0,0,0,0,[0|0|0|0],0,[0|0|0|0|0|0|0|0]
1050,,-1,-1,0,0,0,0,[0|0|0|0],0,[0|0|0|0|0|0|0|0]
1051,,-1,-1,1052,0,0,0,[0|0|0|0],0,[0|0|0|0|0|0|0|0]
1052,,-1,-1,0,0,0,0,[0|0|0|0],0,[0|0|0|0|0|0|0|0]
1053,,-1,-1,0,0,0,0,[0|0|0|0],0,[0|0|0|0|0|0|0|0]
1055,,-1,-1,0,0,0,0,[0|0|0|0],0,[0|0|0|0|0|0|0|0]
1056,,-1,-1,1057,0,0,0,[0|0|0|0],0,[0|0|0|0|0|0|0|0]
1057,,-1,-1,0,0,0,0,[0|0|0|0],0,[0|0|0|0|0|0|0|0]
1058,,-1,-1,0,0,0,0,[0|0|0|0],0,[0|0|0|0|0|0|0|0]
1060,,-1,-1,0,0,0,0,[0|0|0|0],0,[0|0|0|0|0|0|0|0]
1061,,-1,-1,1062,0,0,0,[0|0|0|0],0,[0|0|0|0|0|0|0|0]
1062,,-1,-1,0,0,0,0,[0|0|0|0],0,[0|0|0|0|0|0|0|0]
1063,,-1,-1,0,0,0,0,[0|0|0|0],0,[0|0|0|0|0|0|0|0]
1065,,-1,-1,0,0,0,0,[0|0|0|0],0,[0|0|0|0|0|0|0|0]
1066,,-1,-1,1067,0,0,0,[0|0|0|0],0,[0|0|0|0|0|0|0|0]
1067,,-1,-1,0,0,0,0,[0|0|0|0],0,[0|0|0|0|0|0|0|0]
1068,,-1,-1,0,0,0,0,[0|0|0|0],0,[0|0|0|0|0|0|0|0]
1099,[Grief Weapon] Name,-1,-1,0,0,0,0,[0|0|0|0],0,[0|0|0|0|0|0|0|0]
2000,[Item] Item Type (Consumable vs Reusable),11360,-1,0,0,0,90,[0|0|0|0],0,[0|0|0|0|0|0|0|0]
2001,[Item] Strength Scaling,11314,-1,0,1,0,100,[0|0|0|0],0,[0|0|0|0|0|0|0|0]
2002,[Item] Dexterity Scaling,11315,-1,0,1,0,100,[0|0|0|0],0,[0|0|0|0|0|0|0|0]
2003,[Item] Intelligence Scaling,11316,-1,0,1,0,100,[0|0|0|0],0,[0|0|0|0|0|0|0|0]
2004,[Item] Faith Scaling,11317,-1,0,1,0,100,[0|0|0|0],0,[0|0|0|0|0|0|0|0]
2005,[Item] Arcane Scaling,11318,-1,0,1,0,100,[0|0|0|0],0,[0|0|0|0|0|0|0|0]
2009,,11043,-1,0,2,0,2,[0|0|0|0],0,[0|0|0|0|0|0|0|0]
2010,[Item] FP Cost,11042,-1,0,2,0,2,[0|0|0|0],0,[0|0|0|0|0|0|0|0]
2020,,-1,-1,0,0,0,300,[0|0|0|0],0,[0|0|0|0|0|0|0|0]
2021,,-1,-1,0,0,0,0,[0|0|0|0],0,[0|0|0|0|0|0|0|0]
2022,,-1,-1,0,0,0,0,[0|0|0|0],0,[0|0|0|0|0|0|0|0]
2023,,11009,-1,0,0,0,0,[0|0|0|0],0,[0|0|0|0|0|0|0|0]
2035,,-1,-1,10008,1,0,0,[0|0|0|0],0,[0|0|0|0|0|0|0|0]
2040,[Vessel] Hero Icon,0,0,0,0,0,33,[0|0|0|0],0,[0|0|0|0|0|0|0|0]
2041,[Vessel] Slot 1 Color,0,0,0,0,0,33,[0|0|0|0],0,[0|0|0|0|0|0|0|0]
2042,[Vessel] Slot 2 Color,0,0,0,0,0,33,[0|0|0|0],0,[0|0|0|0|0|0|0|0]
2043,[Vessel] Slot 3 Color,0,0,0,0,0,33,[0|0|0|0],0,[0|0|0|0|0|0|0|0]
2050,[Vessel] Hero Icon (DoN),0,0,0,0,0,33,[0|0|0|0],0,[0|0|0|0|0|0|0|0]
2051,[Vessel] Slot 1 Color (DoN),0,0,0,0,0,33,[0|0|0|0],0,[0|0|0|0|0|0|0|0]
2052,[Vessel] Slot 2 Color (DoN),0,0,0,0,0,33,[0|0|0|0],0,[0|0|0|0|0|0|0|0]
2053,[Vessel] Slot 3 Color (DoN),0,0,0,0,0,33,[0|0|0|0],0,[0|0|0|0|0|0|0|0]
2054,[Vessel] Slot 4 Color (DoN),0,0,0,0,0,33,[0|0|0|0],0,[0|0|0|0|0|0|0|0]
2055,[Vessel] Slot 5 Color (DoN),0,0,0,0,0,33,[0|0|0|0],0,[0|0|0|0|0|0|0|0]
2056,[Vessel] Slot 6 Color (DoN),0,0,0,0,0,33,[0|0|0|0],0,[0|0|0|0|0|0|0|0]
2057,[Item] Item Category (Bagcraft),11420,-1,0,0,0,0,[0|0|0|0],0,[0|0|0|0|0|0|0|0]
2058,[Item] Category Icon,0,-1,0,0,0,33,[0|0|0|0],0,[0|0|0|0|0|0|0|0]
2059,[Item] Category XP Progress,0,-1,0,0,0,0,[0|0|0|0],100,[0|0|0|0|0|0|0|0]
2060,[Item] Category Level,11508,-1,0,0,0,0,[0|0|0|0],0,[0|0|0|0|0|0|0|0]
2061,[Item] Max no. per slot (Standard),11410,-1,0,0,0,0,[0|0|0|0],0,[0|0|0|0|0|0|0|0]
2062,[Item] Max no. per slot (Bagcraft),11411,-1,0,0,0,0,[0|0|0|0],0,[0|0|0|0|0|0|0|0]
2063,[Item] Category XP (Maxed),0,-1,0,0,0,0,[0|0|0|0],100,[0|0|0|0|0|0|0|0]
3000,[Weapon] Armament Type,11001,-1,0,0,0,120,[0|0|0|0],0,[0|0|0|0|0|0|0|0]
3001,[Weapon] Attack Affinity,11003,-1,0,0,0,2,[0|0|0|0],0,[0|0|0|0|0|0|0|0]
3002,,-1,-1,0,0,0,32,[0|0|0|0],0,[0|0|0|0|0|0|0|0]
3003,[Grief Weapon] Player Name,-1,0,0,0,0,0,[0|0|0|0],0,[0|0|0|0|0|0|0|0]
3004,[Weapon] Min. Level,11506,31210,0,0,0,0,[0|0|0|0],0,[0|0|0|0|0|0|0|0]
3010,Physical Damage,11660,-1,0,1,0,0,[0|0|0|0],0,[0|0|0|0|0|0|0|0]
3011,Magic Damage,11661,-1,0,1,0,0,[0|0|0|0],0,[0|0|0|0|0|0|0|0]
3012,Fire Damage,11662,-1,0,1,0,0,[0|0|0|0],0,[0|0|0|0|0|0|0|0]
3013,Lightning Damage,11663,-1,0,1,0,0,[0|0|0|0],0,[0|0|0|0|0|0|0|0]
3014,Holy Damage,11664,-1,0,1,0,0,[0|0|0|0],0,[0|0|0|0|0|0|0|0]
3015,,-1,-1,0,1,0,1,[0|0|0|0],0,[0|0|0|0|0|0|0|0]
3016,,-1,-1,0,1,0,1,[0|0|0|0],0,[0|0|0|0|0|0|0|0]
3017,,-1,-1,0,1,0,1,[0|0|0|0],0,[0|0|0|0|0|0|0|0]
3018,,-1,-1,0,1,0,1,[0|0|0|0],0,[0|0|0|0|0|0|0|0]
3019,,-1,-1,0,1,0,1,[0|0|0|0],0,[0|0|0|0|0|0|0|0]
3020,Range,11032,-1,0,1,0,0,[0|0|0|0],0,[0|0|0|0|0|0|0|0]
3021,,11033,-1,0,1,0,0,[0|0|0|0],0,[0|0|0|0|0|0|0|0]
3022,Critical,11665,-1,0,1,0,0,[0|0|0|0],0,[0|0|0|0|0|0|0|0]
3026,,-1,31231,0,1,0,2,[0|0|0|0],0,[0|0|0|0|0|0|0|0]
3027,,-1,31236,0,1,0,2,[0|0|0|0],0,[0|0|0|0|0|0|0|0]
3028,,-1,31234,0,1,0,2,[0|0|0|0],0,[0|0|0|0|0|0|0|0]
3029,,-1,31235,0,1,0,2,[0|0|0|0],0,[0|0|0|0|0|0|0|0]
3030,,11050,31230,0,1,0,2,[0|0|0|0],0,[0|0|0|0|0|0|0|0]
3031,,11051,31232,0,1,0,2,[0|0|0|0],0,[0|0|0|0|0|0|0|0]
3034,,11054,31233,0,1,0,2,[0|0|0|0],0,[0|0|0|0|0|0|0|0]
3038,Sorcery Scaling,11035,-1,0,1,0,0,[0|0|0|0],0,[0|0|0|0|0|0|0|0]
3039,Incant Scaling,11036,-1,0,1,0,0,[0|0|0|0],0,[0|0|0|0|0|0|0|0]
3040,Physical Guard,11020,-1,0,1,0,2,[0|0|0|0],0,[0|0|0|0|0|0|0|0]
3041,Magic Guard,11021,-1,0,1,0,2,[0|0|0|0],0,[0|0|0|0|0|0|0|0]
3042,Fire Guard,11022,-1,0,1,0,2,[0|0|0|0],0,[0|0|0|0|0|0|0|0]
3043,Lightning Guard,11023,-1,0,1,0,2,[0|0|0|0],0,[0|0|0|0|0|0|0|0]
3044,Holy Guard,11024,-1,0,1,0,2,[0|0|0|0],0,[0|0|0|0|0|0|0|0]
3045,,-1,-1,0,1,0,10,[0|0|0|0],0,[0|0|0|0|0|0|0|0]
3046,,-1,-1,0,1,0,10,[0|0|0|0],0,[0|0|0|0|0|0|0|0]
3047,,-1,-1,0,1,0,10,[0|0|0|0],0,[0|0|0|0|0|0|0|0]
3048,,-1,-1,0,1,0,10,[0|0|0|0],0,[0|0|0|0|0|0|0|0]
3049,,-1,-1,0,1,0,10,[0|0|0|0],0,[0|0|0|0|0|0|0|0]
3050,Guard Boost,11666,-1,0,1,0,2,[0|0|0|0],0,[0|0|0|0|0|0|0|0]
3051,Guard Boost Bonus,-1,-1,0,1,0,1,[0|0|0|0],0,[0|0|0|0|0|0|0|0]
3059,,-1,-1,0,1,0,2,[0|0|0|0],0,[0|0|0|0|0|0|0|0]
3060,,11300,-1,10103,2,0,0,[0|0|0|0],0,[0|0|0|0|0|0|0|0]
3061,,11301,-1,10104,2,0,0,[0|0|0|0],0,[0|0|0|0|0|0|0|0]
3062,,11302,-1,10106,2,0,0,[0|0|0|0],0,[0|0|0|0|0|0|0|0]
3063,,11303,-1,10107,2,0,0,[0|0|0|0],0,[0|0|0|0|0|0|0|0]
3064,,11304,-1,10109,2,0,0,[0|0|0|0],0,[0|0|0|0|0|0|0|0]
3065,,-1,-1,0,2,0,0,[0|0|0|0],0,[0|0|0|0|0|0|0|0]
3066,,-1,-1,0,2,0,0,[0|0|0|0],0,[0|0|0|0|0|0|0|0]
3067,,-1,-1,0,2,0,0,[0|0|0|0],0,[0|0|0|0|0|0|0|0]
3068,,-1,-1,0,2,0,0,[0|0|0|0],0,[0|0|0|0|0|0|0|0]
3069,,-1,-1,0,2,0,0,[0|0|0|0],0,[0|0|0|0|0|0|0|0]
3070,[Weapon] Strength Scaling,11310,-1,0,1,0,100,[0|0|0|0],0,[0|0|0|0|0|0|0|0]
3071,[Weapon] Dexterity Scaling,11311,-1,0,1,0,100,[0|0|0|0],0,[0|0|0|0|0|0|0|0]
3072,[Weapon] Intelligence Scaling,11312,-1,0,1,0,100,[0|0|0|0],0,[0|0|0|0|0|0|0|0]
3073,[Weapon] Faith Scaling,11313,-1,0,1,0,100,[0|0|0|0],0,[0|0|0|0|0|0|0|0]
3074,[Weapon] Arcane Scaling,11319,-1,0,1,0,100,[0|0|0|0],0,[0|0|0|0|0|0|0|0]
3075,Physical Damage,11010,-1,0,1,0,0,[0|0|0|0],0,[0|0|0|0|0|0|0|0]
3076,Magic Damage,11011,-1,0,1,0,0,[0|0|0|0],0,[0|0|0|0|0|0|0|0]
3077,Fire Damage,11012,-1,0,1,0,0,[0|0|0|0],0,[0|0|0|0|0|0|0|0]
3078,Lightning Damage,11013,-1,0,1,0,0,[0|0|0|0],0,[0|0|0|0|0|0|0|0]
3079,Holy Damage,11014,-1,0,1,0,0,[0|0|0|0],0,[0|0|0|0|0|0|0|0]
3091,,11623,-1,0,2,0,2,[0|0|0|0],0,[0|0|0|0|0|0|0|0]
3092,,11034,-1,0,2,0,2,[0|0|0|0],0,[0|0|0|0|0|0|0|0]
3093,,11034,-1,0,2,0,2,[0|0|0|0],0,[0|0|0|0|0|0|0|0]
3100,[Attach Effect] Effect 1 (Name),-1,-1,0,0,0,45,[0|0|0|0],0,[0|0|0|0|0|0|0|0]
3101,[Attach Effect] Effect 2 (Name),-1,-1,0,0,0,45,[0|0|0|0],0,[0|0|0|0|0|0|0|0]
3102,[Attach Effect] Effect 3 (Name),-1,-1,0,0,0,45,[0|0|0|0],0,[0|0|0|0|0|0|0|0]
3103,[Legend Weapon] Unique Effect (Name),-1,-1,0,0,0,45,[0|0|0|0],0,[0|0|0|0|0|0|0|0]
3104,[Grief Weapon] Grief Effect (Name),-1,-1,0,0,0,45,[0|0|0|0],0,[0|0|0|0|0|0|0|0]
3110,[Attach Effect] Effect 1 (Value),-1,-1,0,3,0,40,[0|0|0|0],0,[0|0|0|0|0|0|0|0]
3111,[Attach Effect] Effect 2 (Value),-1,-1,0,3,0,40,[0|0|0|0],0,[0|0|0|0|0|0|0|0]
3112,[Attach Effect] Effect 3 (Value),-1,-1,0,3,0,40,[0|0|0|0],0,[0|0|0|0|0|0|0|0]
3113,[Legend Weapon] Unique Effect (Value),-1,-1,0,3,0,40,[0|0|0|0],0,[0|0|0|0|0|0|0|0]
3114,[Grief Weapon] Grief Effect (Value),-1,-1,0,3,0,40,[0|0|0|0],0,[0|0|0|0|0|0|0|0]
3120,[Attach Effect] Effect 1 (Icon),-1,-1,0,0,0,31,[0|0|0|0],0,[0|0|0|0|0|0|0|0]
3121,[Attach Effect] Effect 2 (Icon),-1,-1,0,0,0,31,[0|0|0|0],0,[0|0|0|0|0|0|0|0]
3122,[Attach Effect] Effect 3 (Icon),-1,-1,0,0,0,31,[0|0|0|0],0,[0|0|0|0|0|0|0|0]
3123,[Legend Weapon] Unique Effect (Icon),-1,-1,0,0,0,31,[0|0|0|0],0,[0|0|0|0|0|0|0|0]
3124,[Grief Weapon] Grief Effect (Icon),-1,-1,0,0,0,31,[0|0|0|0],0,[0|0|0|0|0|0|0|0]
3130,[Weapon] Status Ailment 1 Value,11505,-1,0,0,0,0,[0|0|0|0],0,[0|0|0|0|0|0|0|0]
3131,[Weapon] Status Ailment 2 Value,-1,-1,0,0,0,0,[0|0|0|0],0,[0|0|0|0|0|0|0|0]
3132,[Weapon] Status Ailment Bonus,-1,-1,0,0,0,0,[0|0|0|0],0,[0|0|0|0|0|0|0|0]
3133,[Weapon] Status Ailments (Icons Only),11505,-1,0,0,0,0,[0|0|0|0],0,[0|0|0|0|0|0|0|0]
3150,[Weapon] Status Ailment 1 (Value),-1,-1,0,0,0,0,[0|0|0|0],0,[0|0|0|0|0|0|0|0]
3151,[Weapon] Status Ailment 2 (Value),-1,-1,0,0,0,0,[0|0|0|0],0,[0|0|0|0|0|0|0|0]
3160,[Weapon] Status Ailment 1 (Icon),-1,-1,0,0,0,32,[0|0|0|0],0,[0|0|0|0|0|0|0|0]
3161,[Weapon] Status Ailment 2 (Icon),-1,-1,0,0,0,32,[0|0|0|0],0,[0|0|0|0|0|0|0|0]
3170,[Attach Effect] Effect 1 (Unk),-1,-1,0,0,0,33,[0|0|0|0],0,[0|0|0|0|0|0|0|0]
3171,[Attach Effect] Effect 2 (Unk),-1,-1,0,0,0,33,[0|0|0|0],0,[0|0|0|0|0|0|0|0]
3172,[Attach Effect] Effect 3 (Unk),-1,-1,0,0,0,33,[0|0|0|0],0,[0|0|0|0|0|0|0|0]
3173,[Legend Weapon] Unique Effect (Unk),-1,-1,0,0,0,33,[0|0|0|0],0,[0|0|0|0|0|0|0|0]
3174,[Grief Weapon] Grief Effect (Unk),-1,-1,0,0,0,33,[0|0|0|0],0,[0|0|0|0|0|0|0|0]
3200,[Weapon] Attack,11504,-1,0,1,0,0,[0|0|0|0],500,[0|0|0|0|0|0|0|0]
3210,[Weapon] Attack Bonus,-1,-1,0,0,0,1,[0|0|0|0],0,[0|0|0|0|0|0|0|0]
3220,[Weapon] Skill (Name),-1,-1,0,0,0,0,[0|0|0|0],0,[0|0|0|0|0|0|0|0]
3221,[Weapon] Skill (Icon),-1,-1,0,0,0,30,[0|0|0|0],0,[0|0|0|0|0|0|0|0]
3222,[Weapon] Skill (Attack Power),-1,-1,0,1,0,2,[0|0|0|0],0,[0|0|0|0|0|0|0|0]
3223,,0,0,0,0,0,33,[0|0|0|0],0,[0|0|0|0|0|0|0|0]
3230,,-1,-1,0,0,0,31,[0|0|0|0],0,[0|0|0|0|0|0|0|0]
3300,[Catalyst] Slot 1 Spell (Name),-1,-1,0,0,0,0,[0|0|0|0],0,[0|0|0|0|0|0|0|0]
3301,[Catalyst] Slot 2 Spell (Name),-1,-1,0,0,0,0,[0|0|0|0],0,[0|0|0|0|0|0|0|0]
3310,[Catalyst] Slot 1 Spell (Icon),-1,-1,0,0,0,30,[0|0|0|0],0,[0|0|0|0|0|0|0|0]
3311,[Catalyst] Slot 2 Spell (Icon),-1,-1,0,0,0,30,[0|0|0|0],0,[0|0|0|0|0|0|0|0]
3320,[Catalyst] Slot 1 Spell (Attack Power),-1,-1,0,1,0,2,[0|0|0|0],0,[0|0|0|0|0|0|0|0]
3321,[Catalyst] Slot 2 Spell (Attack Power),-1,-1,0,1,0,2,[0|0|0|0],0,[0|0|0|0|0|0|0|0]
4000,,10530,-1,0,1,0,0,[0|0|0|0],0,[0|0|0|0|0|0|0|0]
4001,,10531,-1,0,1,0,0,[0|0|0|0],0,[0|0|0|0|0|0|0|0]
4002,,10532,-1,0,1,0,0,[0|0|0|0],0,[0|0|0|0|0|0|0|0]
4003,,10533,-1,0,1,0,0,[0|0|0|0],0,[0|0|0|0|0|0|0|0]
4004,,10534,-1,0,1,0,0,[0|0|0|0],0,[0|0|0|0|0|0|0|0]
4005,,10535,-1,0,1,0,0,[0|0|0|0],0,[0|0|0|0|0|0|0|0]
4006,,10536,-1,0,1,0,0,[0|0|0|0],0,[0|0|0|0|0|0|0|0]
4011,,11190,-1,0,1,0,0,[0|0|0|0],0,[0|0|0|0|0|0|0|0]
4012,,11191,-1,0,1,0,0,[0|0|0|0],0,[0|0|0|0|0|0|0|0]
4013,,11193,-1,0,1,0,0,[0|0|0|0],0,[0|0|0|0|0|0|0|0]
4014,,-1,-1,0,1,0,0,[0|0|0|0],0,[0|0|0|0|0|0|0|0]
4015,,-1,-1,0,1,0,0,[0|0|0|0],0,[0|0|0|0|0|0|0|0]
4016,,-1,-1,0,1,0,0,[0|0|0|0],0,[0|0|0|0|0|0|0|0]
4017,,11192,-1,0,1,0,0,[0|0|0|0],0,[0|0|0|0|0|0|0|0]
4018,,11200,-1,0,1,0,4,[0|0|0|0],0,[0|0|0|0|0|0|0|0]
4020,,11350,-1,0,1,0,0,[0|0|0|0],0,[0|0|0|0|0|0|0|0]
4021,,11350,-1,0,1,0,0,[0|0|0|0],0,[0|0|0|0|0|0|0|0]
4030,,11180,-1,0,2,0,20,[0|0|0|0],0,[0|0|0|0|0|0|0|0]
4031,,11181,-1,0,2,0,20,[0|0|0|0],0,[0|0|0|0|0|0|0|0]
4032,,11182,-1,0,2,0,20,[0|0|0|0],0,[0|0|0|0|0|0|0|0]
4033,,11183,-1,0,2,0,20,[0|0|0|0],0,[0|0|0|0|0|0|0|0]
4034,,11184,-1,0,2,0,20,[0|0|0|0],0,[0|0|0|0|0|0|0|0]
4035,,11185,-1,0,2,0,20,[0|0|0|0],0,[0|0|0|0|0|0|0|0]
4036,,11186,-1,0,2,0,20,[0|0|0|0],0,[0|0|0|0|0|0|0|0]
4037,,11187,-1,0,2,0,20,[0|0|0|0],0,[0|0|0|0|0|0|0|0]
5000,[Spell] Spell Type,11002,-1,0,0,0,0,[0|0|0|0],0,[0|0|0|0|0|0|0|0]
5001,,11003,-1,0,0,0,0,[0|0|0|0],0,[0|0|0|0|0|0|0|0]
5002,,11040,-1,0,2,0,0,[0|0|0|0],0,[0|0|0|0|0|0|0|0]
5003,,11031,-1,0,1,0,0,[0|0|0|0],0,[0|0|0|0|0|0|0|0]
5004,,11302,-1,10106,2,0,0,[0|0|0|0],0,[0|0|0|0|0|0|0|0]
5005,,11303,-1,10107,2,0,0,[0|0|0|0],0,[0|0|0|0|0|0|0|0]
5006,,11304,-1,10109,2,0,0,[0|0|0|0],0,[0|0|0|0|0|0|0|0]
5020,[Spell] FP Cost,11054,-1,0,2,0,0,[0|0|0|0],0,[0|0|0|0|0|0|0|0]
5021,[Spell] Followup FP Cost,11055,-1,0,2,0,2,[0|0|0|0],0,[0|0|0|0|0|0|0|0]
6000,,11001,-1,0,0,0,120,[0|0|0|0],0,[0|0|0|0|0|0|0|0]
6001,,11003,-1,0,0,0,0,[0|0|0|0],0,[0|0|0|0|0|0|0|0]
6010,Physical Damage,11010,-1,0,1,0,0,[0|0|0|0],0,[0|0|0|0|0|0|0|0]
6011,Magic Damage,11011,-1,0,1,0,0,[0|0|0|0],0,[0|0|0|0|0|0|0|0]
6012,Fire Damage,11012,-1,0,1,0,0,[0|0|0|0],0,[0|0|0|0|0|0|0|0]
6013,Lightning Damage,11013,-1,0,1,0,0,[0|0|0|0],0,[0|0|0|0|0|0|0|0]
6014,Critical,11030,-1,0,1,0,0,[0|0|0|0],0,[0|0|0|0|0|0|0|0]
6015,Holy Damage,11014,-1,0,1,0,0,[0|0|0|0],0,[0|0|0|0|0|0|0|0]
6020,,11050,-1,0,1,0,0,[0|0|0|0],0,[0|0|0|0|0|0|0|0]
6021,,11051,-1,0,1,0,0,[0|0|0|0],0,[0|0|0|0|0|0|0|0]
6022,,11052,-1,0,1,0,0,[0|0|0|0],0,[0|0|0|0|0|0|0|0]
6023,,11053,-1,0,1,0,0,[0|0|0|0],0,[0|0|0|0|0|0|0|0]
6024,,11054,-1,0,1,0,0,[0|0|0|0],0,[0|0|0|0|0|0|0|0]
7000,,-1,-1,0,0,0,0,[0|0|0|0],0,[0|0|0|0|0|0|0|0]
7001,,-1,-1,0,0,0,0,[0|0|0|0],0,[0|0|0|0|0|0|0|0]
7002,,-1,-1,0,0,0,0,[0|0|0|0],0,[0|0|0|0|0|0|0|0]
7010,,-1,-1,0,0,0,0,[0|0|0|0],0,[0|0|0|0|0|0|0|0]
7011,,-1,-1,0,0,0,0,[0|0|0|0],0,[0|0|0|0|0|0|0|0]
7012,,-1,-1,0,0,0,0,[0|0|0|0],0,[0|0|0|0|0|0|0|0]
8000,[Skill] L2 FP Cost (Value),-1,-1,0,2,0,0,[0|0|0|0],0,[0|0|0|0|0|0|0|0]
8001,[Skill] R1 FP Cost (Value),-1,-1,0,2,0,0,[0|0|0|0],0,[0|0|0|0|0|0|0|0]
8002,[Skill] R2 FP Cost (Value),-1,-1,0,2,0,0,[0|0|0|0],0,[0|0|0|0|0|0|0|0]
8010,[Skill] L2 FP Cost,-1,-1,0,2,0,0,[0|0|0|0],0,[0|0|0|0|0|0|0|0]
8011,[Skill] R1 FP Cost,-1,-1,0,2,0,0,[0|0|0|0],0,[0|0|0|0|0|0|0|0]
8012,[Skill] R2 FP Cost,-1,-1,0,2,0,0,[0|0|0|0],0,[0|0|0|0|0|0|0|0]
8020,[Skill] Usable Armament Types,-1,-1,0,0,0,0,[0|0|0|0],0,[0|0|0|0|0|0|0|0]
9000,,122010,-1,0,0,0,0,[0|0|0|0],0,[0|0|0|0|0|0|0|0]
9001,,122020,-1,0,0,0,0,[0|0|0|0],0,[0|0|0|0|0|0|0|0]
9002,,122030,-1,0,0,0,0,[0|0|0|0],0,[0|0|0|0|0|0|0|0]
9003,,122040,-1,0,0,0,0,[0|0|0|0],0,[0|0|0|0|0|0|0|0]
9004,,122050,-1,0,0,0,0,[0|0|0|0],0,[0|0|0|0|0|0|0|0]
9010,,122110,-1,0,0,0,0,[0|0|0|0],0,[0|0|0|0|0|0|0|0]
9011,,122110,-1,0,0,0,0,[0|0|0|0],0,[0|0|0|0|0|0|0|0]
9012,,122110,-1,0,0,0,0,[0|0|0|0],0,[0|0|0|0|0|0|0|0]
9013,,122110,-1,0,0,0,0,[0|0|0|0],0,[0|0|0|0|0|0|0|0]
9014,,122110,-1,0,0,0,0,[0|0|0|0],0,[0|0|0|0|0|0|0|0]
10000,[Character] Player Name,-1,-1,0,0,0,0,[0|0|0|0],0,[0|0|0|0|0|0|0|0]
10001,,-1,-1,0,0,0,0,[0|0|0|0],0,[0|0|0|0|0|0|0|0]
10002,,-1,-1,0,0,0,0,[0|0|0|0],0,[0|0|0|0|0|0|0|0]
10003,,-1,-1,0,0,0,0,[0|0|0|0],0,[0|0|0|0|0|0|0|0]
10004,,-1,-1,0,0,0,0,[0|0|0|0],0,[0|0|0|0|0|0|0|0]
10005,,-1,-1,0,0,0,0,[0|0|0|0],0,[0|0|0|0|0|0|0|0]
10006,,-1,-1,0,0,0,0,[0|0|0|0],0,[0|0|0|0|0|0|0|0]
10007,,-1,-1,0,0,0,0,[0|0|0|0],0,[0|0|0|0|0|0|0|0]
10008,[Character] Level,10200,-1,0,1,0,0,[0|0|0|0],0,[0|0|0|0|0|0|0|0]
10009,[Character] Runes Held,10201,30001,0,1,0,0,[0|0|0|0],0,[0|0|0|0|0|0|0|0]
10010,[Character] Runes Needed,10202,30051,0,0,0,2,[0|0|0|0],0,[0|0|0|0|0|0|0|0]
10011,,-1,-1,0,0,0,110,[0|0|0|0],0,[0|0|0|0|0|0|0|0]
10012,,-1,-1,0,0,0,0,[0|0|0|0],0,[0|0|0|0|0|0|0|0]
10013,,-1,-1,0,2,0,0,[0|0|0|0],0,[0|0|0|0|0|0|0|0]
10014,,-1,-1,0,0,0,0,[0|0|0|0],0,[0|0|0|0|0|0|0|0]
10015,,10201,30000,0,1,0,0,[0|0|0|0],0,[0|0|0|0|0|0|0|0]
10016,,10203,-1,0,0,0,0,[0|0|0|0],0,[0|0|0|0|0|0|0|0]
10017,[Character] Platform ID,-1,-1,0,0,0,0,[0|0|0|0],0,[0|0|0|0|0|0|0|0]
10018,[Character] Sovereign Sigils,0,30002,0,1,0,0,[0|0|0|0],0,[0|0|0|0|0|0|0|0]
10100,,10400,-1,0,1,0,0,[0|0|0|0],0,[0|0|0|0|0|0|0|0]
10101,,10401,-1,0,1,0,0,[0|0|0|0],0,[0|0|0|0|0|0|0|0]
10102,,10402,-1,0,1,0,0,[0|0|0|0],0,[0|0|0|0|0|0|0|0]
10103,,10403,-1,0,1,0,0,[0|0|0|0],0,[0|0|0|0|0|0|0|0]
10104,,10404,-1,0,1,0,0,[0|0|0|0],0,[0|0|0|0|0|0|0|0]
10106,,10406,-1,0,1,0,0,[0|0|0|0],0,[0|0|0|0|0|0|0|0]
10107,,10407,-1,0,1,0,0,[0|0|0|0],0,[0|0|0|0|0|0|0|0]
10108,,10204,-1,0,1,0,0,[0|0|0|0],0,[0|0|0|0|0|0|0|0]
10109,,10409,-1,0,1,0,0,[0|0|0|0],0,[0|0|0|0|0|0|0|0]
10110,,10403,-1,0,1,0,100,[0|0|0|0],0,[0|0|0|0|0|0|0|0]
10111,,10404,-1,0,1,0,100,[0|0|0|0],0,[0|0|0|0|0|0|0|0]
10112,,10406,-1,0,1,0,100,[0|0|0|0],0,[0|0|0|0|0|0|0|0]
10113,,10407,-1,0,1,0,100,[0|0|0|0],0,[0|0|0|0|0|0|0|0]
10114,,10409,-1,0,1,0,100,[0|0|0|0],0,[0|0|0|0|0|0|0|0]
10200,[Status] HP,10500,-1,0,1,0,0,[0|0|0|0],0,[0|0|0|0|0|0|0|0]
10201,[Status] HP (Max),10500,-1,0,1,0,0,[0|0|0|0],3000,[0|0|0|0|0|0|0|0]
10202,[Status] FP,10501,-1,0,1,0,0,[0|0|0|0],0,[0|0|0|0|0|0|0|0]
10203,[Status] FP (Max),10501,-1,0,1,0,0,[0|0|0|0],350,[0|0|0|0|0|0|0|0]
10204,[Status] Stamina,10502,-1,0,1,0,0,[0|0|0|0],400,[0|0|0|0|0|0|0|0]
10205,,10510,-1,0,2,0,0,[0|0|0|0],0,[0|0|0|0|0|0|0|0]
10206,,10512,-1,0,1,0,0,[0|0|0|0],0,[0|0|0|0|0|0|0|0]
10207,,10520,-1,0,1,0,0,[0|0|0|0],0,[0|0|0|0|0|0|0|0]
10208,,10521,-1,0,1,0,0,[0|0|0|0],0,[0|0|0|0|0|0|0|0]
10209,,10522,-1,0,1,0,0,[0|0|0|0],0,[0|0|0|0|0|0|0|0]
10210,,10523,-1,0,1,0,0,[0|0|0|0],0,[0|0|0|0|0|0|0|0]
10211,,10524,-1,0,1,0,0,[0|0|0|0],0,[0|0|0|0|0|0|0|0]
10212,,10525,-1,0,1,0,0,[0|0|0|0],0,[0|0|0|0|0|0|0|0]
10213,,10530,-1,0,1,0,0,[0|0|0|0],300,[0|0|0|0|0|0|0|0]
10214,,10531,-1,0,1,0,0,[0|0|0|0],300,[0|0|0|0|0|0|0|0]
10215,,10532,-1,0,1,0,0,[0|0|0|0],300,[0|0|0|0|0|0|0|0]
10216,,10533,-1,0,1,0,0,[0|0|0|0],300,[0|0|0|0|0|0|0|0]
10217,,10534,-1,0,1,0,0,[0|0|0|0],300,[0|0|0|0|0|0|0|0]
10218,,10535,-1,0,1,0,0,[0|0|0|0],300,[0|0|0|0|0|0|0|0]
10219,,10536,-1,0,1,0,0,[0|0|0|0],300,[0|0|0|0|0|0|0|0]
10224,,10561,-1,0,1,0,0,[0|0|0|0],0,[0|0|0|0|0|0|0|0]
10225,,10562,-1,0,1,0,0,[0|0|0|0],0,[0|0|0|0|0|0|0|0]
10226,,10511,-1,0,2,0,0,[0|0|0|0],0,[0|0|0|0|0|0|0|0]
10228,,-1,-1,0,2,0,50,[0|0|0|0],0,[0|0|0|0|0|0|0|0]
10229,,11200,-1,0,1,0,4,[0|0|0|0],0,[0|0|0|0|0|0|0|0]
10242,,11180,-1,0,2,0,22,[0|0|0|0],0,[0|0|0|0|0|0|0|0]
10243,,11184,-1,0,2,0,22,[0|0|0|0],0,[0|0|0|0|0|0|0|0]
10244,,11205,-1,0,2,0,22,[0|0|0|0],0,[0|0|0|0|0|0|0|0]
10245,,11206,-1,0,2,0,22,[0|0|0|0],0,[0|0|0|0|0|0|0|0]
10258,,10537,-1,0,1,0,0,[0|0|0|0],300,[0|0|0|0|0|0|0|0]
10259,,11201,-1,0,2,0,22,[0|0|0|0],0,[0|0|0|0|0|0|0|0]
10260,,11202,-1,0,2,0,22,[0|0|0|0],0,[0|0|0|0|0|0|0|0]
10261,,11203,-1,0,2,0,22,[0|0|0|0],0,[0|0|0|0|0|0|0|0]
10262,,11207,-1,0,2,0,22,[0|0|0|0],0,[0|0|0|0|0|0|0|0]
10270,,10540,-1,0,1,0,0,[0|0|0|0],300,[0|0|0|0|0|0|0|0]
10271,,10541,-1,0,1,0,0,[0|0|0|0],300,[0|0|0|0|0|0|0|0]
10272,,10543,-1,0,1,0,0,[0|0|0|0],300,[0|0|0|0|0|0|0|0]
10273,,10542,-1,0,1,0,0,[0|0|0|0],300,[0|0|0|0|0|0|0|0]
10274,,-1,-1,0,1,0,0,[0|0|0|0],300,[0|0|0|0|0|0|0|0]
10275,,-1,-1,0,1,0,0,[0|0|0|0],300,[0|0|0|0|0|0|0|0]
10276,,10542,-1,0,1,0,0,[0|0|0|0],300,[0|0|0|0|0|0|0|0]
10280,,10541,-1,0,1,0,0,[0|0|0|0],0,[0|0|0|0|0|0|0|0]
10281,,10540,-1,0,1,0,0,[0|0|0|0],0,[0|0|0|0|0|0|0|0]
10282,,10542,-1,0,1,0,0,[0|0|0|0],0,[0|0|0|0|0|0|0|0]
10283,,10543,-1,0,1,0,0,[0|0|0|0],0,[0|0|0|0|0|0|0|0]
10284,,-1,-1,0,1,0,0,[0|0|0|0],0,[0|0|0|0|0|0|0|0]
10285,,-1,-1,0,1,0,0,[0|0|0|0],0,[0|0|0|0|0|0|0|0]
10286,,10542,-1,0,1,0,0,[0|0|0|0],0,[0|0|0|0|0|0|0|0]
10300,,10503,-1,0,1,0,0,[0|0|0|0],198,[0|0|0|0|0|0|0|0]
10301,,10504,-1,0,1,0,0,[0|0|0|0],495,[0|0|0|0|0|0|0|0]
10302,,10505,-1,0,1,0,0,[0|0|0|0],396,[0|0|0|0|0|0|0|0]
10303,[Status] Hero Name,-1,-1,0,0,0,0,[0|0|0|0],0,[0|0|0|0|0|0|0|0]
10304,[Status] Hero Icon,-1,-1,0,0,0,33,[0|0|0|0],0,[0|0|0|0|0|0|0|0]
10310,,-1,0,0,0,0,0,[0|0|0|0],0,[0|0|0|0|0|0|0|0]
10311,,-1,0,0,0,0,0,[0|0|0|0],0,[0|0|0|0|0|0|0|0]
10312,,-1,0,0,0,0,0,[0|0|0|0],0,[0|0|0|0|0|0|0|0]
10313,,-1,0,0,0,0,0,[0|0|0|0],0,[0|0|0|0|0|0|0|0]
10314,,-1,0,0,0,0,0,[0|0|0|0],0,[0|0|0|0|0|0|0|0]
10315,,-1,0,0,0,0,0,[0|0|0|0],0,[0|0|0|0|0|0|0|0]
10316,,-1,0,0,0,0,0,[0|0|0|0],0,[0|0|0|0|0|0|0|0]
10317,,-1,0,0,0,0,0,[0|0|0|0],0,[0|0|0|0|0|0|0|0]
10318,,-1,0,0,0,0,0,[0|0|0|0],0,[0|0|0|0|0|0|0|0]
10319,,-1,0,0,0,0,0,[0|0|0|0],0,[0|0|0|0|0|0|0|0]
10320,,-1,0,0,0,0,0,[0|0|0|0],0,[0|0|0|0|0|0|0|0]
10321,,-1,0,0,0,0,0,[0|0|0|0],0,[0|0|0|0|0|0|0|0]
10322,,-1,0,0,0,0,0,[0|0|0|0],0,[0|0|0|0|0|0|0|0]
10323,,-1,0,0,0,0,0,[0|0|0|0],0,[0|0|0|0|0|0|0|0]
10324,,-1,0,0,0,0,0,[0|0|0|0],0,[0|0|0|0|0|0|0|0]
10330,,-1,0,0,0,0,31,[0|0|0|0],0,[0|0|0|0|0|0|0|0]
10331,,-1,0,0,0,0,31,[0|0|0|0],0,[0|0|0|0|0|0|0|0]
10332,,-1,0,0,0,0,31,[0|0|0|0],0,[0|0|0|0|0|0|0|0]
10333,,-1,0,0,0,0,31,[0|0|0|0],0,[0|0|0|0|0|0|0|0]
10334,,-1,0,0,0,0,31,[0|0|0|0],0,[0|0|0|0|0|0|0|0]
10335,,-1,0,0,0,0,31,[0|0|0|0],0,[0|0|0|0|0|0|0|0]
10336,,-1,0,0,0,0,31,[0|0|0|0],0,[0|0|0|0|0|0|0|0]
10337,,-1,0,0,0,0,31,[0|0|0|0],0,[0|0|0|0|0|0|0|0]
10338,,-1,0,0,0,0,31,[0|0|0|0],0,[0|0|0|0|0|0|0|0]
10339,,-1,0,0,0,0,31,[0|0|0|0],0,[0|0|0|0|0|0|0|0]
10340,,-1,0,0,0,0,31,[0|0|0|0],0,[0|0|0|0|0|0|0|0]
10341,,-1,0,0,0,0,31,[0|0|0|0],0,[0|0|0|0|0|0|0|0]
10342,,-1,0,0,0,0,31,[0|0|0|0],0,[0|0|0|0|0|0|0|0]
10343,,-1,0,0,0,0,31,[0|0|0|0],0,[0|0|0|0|0|0|0|0]
10344,,-1,0,0,0,0,31,[0|0|0|0],0,[0|0|0|0|0|0|0|0]
10350,,-1,0,0,0,0,33,[0|0|0|0],0,[0|0|0|0|0|0|0|0]
10351,,-1,0,0,0,0,33,[0|0|0|0],0,[0|0|0|0|0|0|0|0]
10352,,-1,0,0,0,0,33,[0|0|0|0],0,[0|0|0|0|0|0|0|0]
10353,,-1,0,0,0,0,33,[0|0|0|0],0,[0|0|0|0|0|0|0|0]
10354,,-1,0,0,0,0,33,[0|0|0|0],0,[0|0|0|0|0|0|0|0]
10355,,-1,0,0,0,0,33,[0|0|0|0],0,[0|0|0|0|0|0|0|0]
10356,,-1,0,0,0,0,33,[0|0|0|0],0,[0|0|0|0|0|0|0|0]
10357,,-1,0,0,0,0,33,[0|0|0|0],0,[0|0|0|0|0|0|0|0]
10358,,-1,0,0,0,0,33,[0|0|0|0],0,[0|0|0|0|0|0|0|0]
10359,,-1,0,0,0,0,33,[0|0|0|0],0,[0|0|0|0|0|0|0|0]
10360,,-1,0,0,0,0,33,[0|0|0|0],0,[0|0|0|0|0|0|0|0]
10361,,-1,0,0,0,0,33,[0|0|0|0],0,[0|0|0|0|0|0|0|0]
10362,,-1,0,0,0,0,33,[0|0|0|0],0,[0|0|0|0|0|0|0|0]
10363,,-1,0,0,0,0,33,[0|0|0|0],0,[0|0|0|0|0|0|0|0]
10364,,-1,0,0,0,0,33,[0|0|0|0],0,[0|0|0|0|0|0|0|0]
10370,,0,0,0,0,0,0,[0|0|0|0],0,[0|0|0|0|0|0|0|0]
10371,,0,0,0,0,0,0,[0|0|0|0],0,[0|0|0|0|0|0|0|0]
10372,,0,0,0,0,0,0,[0|0|0|0],0,[0|0|0|0|0|0|0|0]
10373,,0,0,0,0,0,0,[0|0|0|0],0,[0|0|0|0|0|0|0|0]
10374,,0,0,0,0,0,0,[0|0|0|0],0,[0|0|0|0|0|0|0|0]
10375,,0,0,0,0,0,0,[0|0|0|0],0,[0|0|0|0|0|0|0|0]
10376,,0,0,0,0,0,0,[0|0|0|0],0,[0|0|0|0|0|0|0|0]
10377,,0,0,0,0,0,0,[0|0|0|0],0,[0|0|0|0|0|0|0|0]
10378,,0,0,0,0,0,0,[0|0|0|0],0,[0|0|0|0|0|0|0|0]
10379,,0,0,0,0,0,0,[0|0|0|0],0,[0|0|0|0|0|0|0|0]
10380,,0,0,0,0,0,0,[0|0|0|0],0,[0|0|0|0|0|0|0|0]
10381,,0,0,0,0,0,0,[0|0|0|0],0,[0|0|0|0|0|0|0|0]
10382,,0,0,0,0,0,0,[0|0|0|0],0,[0|0|0|0|0|0|0|0]
10383,,0,0,0,0,0,0,[0|0|0|0],0,[0|0|0|0|0|0|0|0]
10384,,0,0,0,0,0,0,[0|0|0|0],0,[0|0|0|0|0|0|0|0]
10500,,-1,-1,0,0,0,0,[0|0|0|0],0,[0|0|0|0|0|0|0|0]
10501,,-1,-1,0,0,0,0,[0|0|0|0],0,[0|0|0|0|0|0|0|0]
10502,,-1,-1,0,0,0,0,[0|0|0|0],0,[0|0|0|0|0|0|0|0]
10503,,-1,-1,0,0,0,0,[0|0|0|0],0,[0|0|0|0|0|0|0|0]
10504,,-1,-1,0,0,0,0,[0|0|0|0],0,[0|0|0|0|0|0|0|0]
10505,,-1,-1,0,0,0,0,[0|0|0|0],0,[0|0|0|0|0|0|0|0]
10510,[Status] RH Slot 1 Weapon (Icon),-1,-1,0,1,0,30,[0|0|0|0],0,[0|0|0|0|0|0|0|0]
10511,[Status] RH Slot 2 Weapon (Icon),-1,-1,0,1,0,30,[0|0|0|0],0,[0|0|0|0|0|0|0|0]
10512,[Status] RH Slot 3 Weapon (Icon),-1,-1,0,1,0,30,[0|0|0|0],0,[0|0|0|0|0|0|0|0]
10513,[Status] LH Slot 1 Weapon (Icon),-1,-1,0,1,0,30,[0|0|0|0],0,[0|0|0|0|0|0|0|0]
10514,[Status] LH Slot 2 Weapon (Icon),-1,-1,0,1,0,30,[0|0|0|0],0,[0|0|0|0|0|0|0|0]
10515,[Status] LH Slot 3 Weapon (Icon),-1,-1,0,1,0,30,[0|0|0|0],0,[0|0|0|0|0|0|0|0]
10520,,-1,-1,0,1,0,32,[0|0|0|0],0,[0|0|0|0|0|0|0|0]
10521,,-1,-1,0,1,0,32,[0|0|0|0],0,[0|0|0|0|0|0|0|0]
10522,,-1,-1,0,1,0,32,[0|0|0|0],0,[0|0|0|0|0|0|0|0]
10523,,-1,-1,0,1,0,32,[0|0|0|0],0,[0|0|0|0|0|0|0|0]
10524,,-1,-1,0,1,0,32,[0|0|0|0],0,[0|0|0|0|0|0|0|0]
10525,,-1,-1,0,1,0,32,[0|0|0|0],0,[0|0|0|0|0|0|0|0]
10530,[Status] RH Slot 1 Weapon (Attack Power),-1,-1,0,1,0,0,[0|0|0|0],500,[0|0|0|0|0|0|0|0]
10531,[Status] RH Slot 2 Weapon (Attack Power),-1,-1,0,1,0,0,[0|0|0|0],500,[0|0|0|0|0|0|0|0]
10532,[Status] RH Slot 3 Weapon (Attack Power),-1,-1,0,1,0,0,[0|0|0|0],500,[0|0|0|0|0|0|0|0]
10533,[Status] LH Slot 1 Weapon (Attack Power),-1,-1,0,1,0,0,[0|0|0|0],500,[0|0|0|0|0|0|0|0]
10534,[Status] LH Slot 2 Weapon (Attack Power),-1,-1,0,1,0,0,[0|0|0|0],500,[0|0|0|0|0|0|0|0]
10535,[Status] LH Slot 3 Weapon (Attack Power),-1,-1,0,1,0,0,[0|0|0|0],500,[0|0|0|0|0|0|0|0]
10540,,-1,-1,0,1,0,0,[0|0|0|0],500,[0|0|0|0|0|0|0|0]
10541,,-1,-1,0,1,0,0,[0|0|0|0],500,[0|0|0|0|0|0|0|0]
10542,,-1,-1,0,1,0,0,[0|0|0|0],500,[0|0|0|0|0|0|0|0]
10543,,-1,-1,0,1,0,0,[0|0|0|0],500,[0|0|0|0|0|0|0|0]
10544,,-1,-1,0,1,0,0,[0|0|0|0],500,[0|0|0|0|0|0|0|0]
10545,,-1,-1,0,1,0,0,[0|0|0|0],500,[0|0|0|0|0|0|0|0]
10550,,-1,-1,0,1,0,30,[0|0|0|0],0,[0|0|0|0|0|0|0|0]
10551,,-1,-1,0,1,0,30,[0|0|0|0],0,[0|0|0|0|0|0|0|0]
10552,,-1,-1,0,1,0,30,[0|0|0|0],0,[0|0|0|0|0|0|0|0]
10553,,-1,-1,0,1,0,30,[0|0|0|0],0,[0|0|0|0|0|0|0|0]
10554,,-1,-1,0,1,0,30,[0|0|0|0],0,[0|0|0|0|0|0|0|0]
10555,,-1,-1,0,1,0,30,[0|0|0|0],0,[0|0|0|0|0|0|0|0]
10560,,-1,-1,0,1,0,30,[0|0|0|0],0,[0|0|0|0|0|0|0|0]
10561,,-1,-1,0,1,0,30,[0|0|0|0],0,[0|0|0|0|0|0|0|0]
10562,,-1,-1,0,1,0,30,[0|0|0|0],0,[0|0|0|0|0|0|0|0]
10563,,-1,-1,0,1,0,30,[0|0|0|0],0,[0|0|0|0|0|0|0|0]
10564,,-1,-1,0,1,0,30,[0|0|0|0],0,[0|0|0|0|0|0|0|0]
10565,,-1,-1,0,1,0,30,[0|0|0|0],0,[0|0|0|0|0|0|0|0]
10570,[Status - Relics] Slot 1 Effect 1 (Description),-1,0,0,0,0,45,[0|0|0|0],0,[0|0|0|0|0|0|0|0]
10571,[Status - Relics] Slot 1 Effect 2 (Description),-1,0,0,0,0,45,[0|0|0|0],0,[0|0|0|0|0|0|0|0]
10572,[Status - Relics] Slot 1 Effect 3 (Description),-1,0,0,0,0,45,[0|0|0|0],0,[0|0|0|0|0|0|0|0]
10580,[Status - Relics] Slot 2 Effect 1 (Description),-1,0,0,0,0,45,[0|0|0|0],0,[0|0|0|0|0|0|0|0]
10581,[Status - Relics] Slot 2 Effect 2 (Description),-1,0,0,0,0,45,[0|0|0|0],0,[0|0|0|0|0|0|0|0]
10582,[Status - Relics] Slot 2 Effect 3 (Description),-1,0,0,0,0,45,[0|0|0|0],0,[0|0|0|0|0|0|0|0]
10590,[Status - Relics] Slot 3 Effect 1 (Description),-1,0,0,0,0,45,[0|0|0|0],0,[0|0|0|0|0|0|0|0]
10591,[Status - Relics] Slot 3 Effect 2 (Description),-1,0,0,0,0,45,[0|0|0|0],0,[0|0|0|0|0|0|0|0]
10592,[Status - Relics] Slot 3 Effect 3 (Description),-1,0,0,0,0,45,[0|0|0|0],0,[0|0|0|0|0|0|0|0]
10610,[Status - Relics] Slot 1 Effect 1 (Icon),-1,0,0,0,0,31,[0|0|0|0],0,[0|0|0|0|0|0|0|0]
10611,[Status - Relics] Slot 1 Effect 2 (Icon),-1,0,0,0,0,31,[0|0|0|0],0,[0|0|0|0|0|0|0|0]
10612,[Status - Relics] Slot 1 Effect 3 (Icon),-1,0,0,0,0,31,[0|0|0|0],0,[0|0|0|0|0|0|0|0]
10620,[Status - Relics] Slot 2 Effect 1 (Icon),-1,0,0,0,0,31,[0|0|0|0],0,[0|0|0|0|0|0|0|0]
10621,[Status - Relics] Slot 2 Effect 2 (Icon),-1,0,0,0,0,31,[0|0|0|0],0,[0|0|0|0|0|0|0|0]
10622,[Status - Relics] Slot 2 Effect 3 (Icon),-1,0,0,0,0,31,[0|0|0|0],0,[0|0|0|0|0|0|0|0]
10630,[Status - Relics] Slot 3 Effect 1 (Icon),-1,0,0,0,0,31,[0|0|0|0],0,[0|0|0|0|0|0|0|0]
10631,[Status - Relics] Slot 3 Effect 2 (Icon),-1,0,0,0,0,31,[0|0|0|0],0,[0|0|0|0|0|0|0|0]
10632,[Status - Relics] Slot 3 Effect 3 (Icon),-1,0,0,0,0,31,[0|0|0|0],0,[0|0|0|0|0|0|0|0]
10650,,-1,0,0,0,0,40,[0|0|0|0],0,[0|0|0|0|0|0|0|0]
10651,,-1,0,0,0,0,40,[0|0|0|0],0,[0|0|0|0|0|0|0|0]
10652,,-1,0,0,0,0,40,[0|0|0|0],0,[0|0|0|0|0|0|0|0]
10660,,-1,0,0,0,0,40,[0|0|0|0],0,[0|0|0|0|0|0|0|0]
10661,,-1,0,0,0,0,40,[0|0|0|0],0,[0|0|0|0|0|0|0|0]
10662,,-1,0,0,0,0,40,[0|0|0|0],0,[0|0|0|0|0|0|0|0]
10670,,-1,0,0,0,0,40,[0|0|0|0],0,[0|0|0|0|0|0|0|0]
10671,,-1,0,0,0,0,40,[0|0|0|0],0,[0|0|0|0|0|0|0|0]
10672,,-1,0,0,0,0,40,[0|0|0|0],0,[0|0|0|0|0|0|0|0]
10690,[Status - Relics] Slot 1 Effect 1,0,0,0,0,0,33,[0|0|0|0],0,[0|0|0|0|0|0|0|0]
10691,[Status - Relics] Slot 1 Effect 2,0,0,0,0,0,33,[0|0|0|0],0,[0|0|0|0|0|0|0|0]
10692,[Status - Relics] Slot 1 Effect 3,0,0,0,0,0,33,[0|0|0|0],0,[0|0|0|0|0|0|0|0]
10700,[Status - Relics] Slot 2 Effect 1,0,0,0,0,0,33,[0|0|0|0],0,[0|0|0|0|0|0|0|0]
10701,[Status - Relics] Slot 2 Effect 2,0,0,0,0,0,33,[0|0|0|0],0,[0|0|0|0|0|0|0|0]
10702,[Status - Relics] Slot 2 Effect 3,0,0,0,0,0,33,[0|0|0|0],0,[0|0|0|0|0|0|0|0]
10710,[Status - Relics] Slot 3 Effect 1,0,0,0,0,0,33,[0|0|0|0],0,[0|0|0|0|0|0|0|0]
10711,[Status - Relics] Slot 3 Effect 2,0,0,0,0,0,33,[0|0|0|0],0,[0|0|0|0|0|0|0|0]
10712,[Status - Relics] Slot 3 Effect 3,0,0,0,0,0,33,[0|0|0|0],0,[0|0|0|0|0|0|0|0]
10720,[Status - Relics] Slot 1 Effect 1 (Stacks),0,0,0,0,0,0,[0|0|0|0],0,[0|0|0|0|0|0|0|0]
10721,[Status - Relics] Slot 1 Effect 2 (Stacks),0,0,0,0,0,0,[0|0|0|0],0,[0|0|0|0|0|0|0|0]
10722,[Status - Relics] Slot 1 Effect 3 (Stacks),0,0,0,0,0,0,[0|0|0|0],0,[0|0|0|0|0|0|0|0]
10730,[Status - Relics] Slot 2 Effect 1 (Stacks),0,0,0,0,0,0,[0|0|0|0],0,[0|0|0|0|0|0|0|0]
10731,[Status - Relics] Slot 2 Effect 2 (Stacks),0,0,0,0,0,0,[0|0|0|0],0,[0|0|0|0|0|0|0|0]
10732,[Status - Relics] Slot 2 Effect 3 (Stacks),0,0,0,0,0,0,[0|0|0|0],0,[0|0|0|0|0|0|0|0]
10740,[Status - Relics] Slot 3 Effect 1 (Stacks),0,0,0,0,0,0,[0|0|0|0],0,[0|0|0|0|0|0|0|0]
10741,[Status - Relics] Slot 3 Effect 2 (Stacks),0,0,0,0,0,0,[0|0|0|0],0,[0|0|0|0|0|0|0|0]
10742,[Status - Relics] Slot 3 Effect 3 (Stacks),0,0,0,0,0,0,[0|0|0|0],0,[0|0|0|0|0|0|0|0]
10750,[Status - Relics] Slot 4 Effect 1 (Description),-1,0,0,0,0,45,[0|0|0|0],0,[0|0|0|0|0|0|0|0]
10751,[Status - Relics] Slot 4 Effect 2 (Description),-1,0,0,0,0,45,[0|0|0|0],0,[0|0|0|0|0|0|0|0]
10752,[Status - Relics] Slot 4 Effect 3 (Description),-1,0,0,0,0,45,[0|0|0|0],0,[0|0|0|0|0|0|0|0]
10760,[Status - Relics] Slot 5 Effect 1 (Description),-1,0,0,0,0,45,[0|0|0|0],0,[0|0|0|0|0|0|0|0]
10761,[Status - Relics] Slot 5 Effect 2 (Description),-1,0,0,0,0,45,[0|0|0|0],0,[0|0|0|0|0|0|0|0]
10762,[Status - Relics] Slot 5 Effect 3 (Description),-1,0,0,0,0,45,[0|0|0|0],0,[0|0|0|0|0|0|0|0]
10770,[Status - Relics] Slot 6 Effect 1 (Description),-1,0,0,0,0,45,[0|0|0|0],0,[0|0|0|0|0|0|0|0]
10771,[Status - Relics] Slot 6 Effect 2 (Description),-1,0,0,0,0,45,[0|0|0|0],0,[0|0|0|0|0|0|0|0]
10772,[Status - Relics] Slot 6 Effect 3 (Description),-1,0,0,0,0,45,[0|0|0|0],0,[0|0|0|0|0|0|0|0]
10780,[Status - Relics] Slot 4 Effect 1 (Icon),-1,0,0,0,0,31,[0|0|0|0],0,[0|0|0|0|0|0|0|0]
10781,[Status - Relics] Slot 4 Effect 2 (Icon),-1,0,0,0,0,31,[0|0|0|0],0,[0|0|0|0|0|0|0|0]
10782,[Status - Relics] Slot 4 Effect 3 (Icon),-1,0,0,0,0,31,[0|0|0|0],0,[0|0|0|0|0|0|0|0]
10790,[Status - Relics] Slot 5 Effect 1 (Icon),-1,0,0,0,0,31,[0|0|0|0],0,[0|0|0|0|0|0|0|0]
10791,[Status - Relics] Slot 5 Effect 2 (Icon),-1,0,0,0,0,31,[0|0|0|0],0,[0|0|0|0|0|0|0|0]
10792,[Status - Relics] Slot 5 Effect 3 (Icon),-1,0,0,0,0,31,[0|0|0|0],0,[0|0|0|0|0|0|0|0]
10800,[Status - Relics] Slot 6 Effect 1 (Icon),-1,0,0,0,0,31,[0|0|0|0],0,[0|0|0|0|0|0|0|0]
10801,[Status - Relics] Slot 6 Effect 2 (Icon),-1,0,0,0,0,31,[0|0|0|0],0,[0|0|0|0|0|0|0|0]
10802,[Status - Relics] Slot 6 Effect 3 (Icon),-1,0,0,0,0,31,[0|0|0|0],0,[0|0|0|0|0|0|0|0]
10810,,-1,0,0,0,0,40,[0|0|0|0],0,[0|0|0|0|0|0|0|0]
10811,,-1,0,0,0,0,40,[0|0|0|0],0,[0|0|0|0|0|0|0|0]
10812,,-1,0,0,0,0,40,[0|0|0|0],0,[0|0|0|0|0|0|0|0]
10820,,-1,0,0,0,0,40,[0|0|0|0],0,[0|0|0|0|0|0|0|0]
10821,,-1,0,0,0,0,40,[0|0|0|0],0,[0|0|0|0|0|0|0|0]
10822,,-1,0,0,0,0,40,[0|0|0|0],0,[0|0|0|0|0|0|0|0]
10830,,-1,0,0,0,0,40,[0|0|0|0],0,[0|0|0|0|0|0|0|0]
10831,,-1,0,0,0,0,40,[0|0|0|0],0,[0|0|0|0|0|0|0|0]
10832,,-1,0,0,0,0,40,[0|0|0|0],0,[0|0|0|0|0|0|0|0]
10840,[Status - Relics] Slot 4 Effect 1,0,0,0,0,0,33,[0|0|0|0],0,[0|0|0|0|0|0|0|0]
10841,[Status - Relics] Slot 4 Effect 2,0,0,0,0,0,33,[0|0|0|0],0,[0|0|0|0|0|0|0|0]
10842,[Status - Relics] Slot 4 Effect 3,0,0,0,0,0,33,[0|0|0|0],0,[0|0|0|0|0|0|0|0]
10850,[Status - Relics] Slot 5 Effect 1,0,0,0,0,0,33,[0|0|0|0],0,[0|0|0|0|0|0|0|0]
10851,[Status - Relics] Slot 5 Effect 2,0,0,0,0,0,33,[0|0|0|0],0,[0|0|0|0|0|0|0|0]
10852,[Status - Relics] Slot 5 Effect 3,0,0,0,0,0,33,[0|0|0|0],0,[0|0|0|0|0|0|0|0]
10860,[Status - Relics] Slot 6 Effect 1,0,0,0,0,0,33,[0|0|0|0],0,[0|0|0|0|0|0|0|0]
10861,[Status - Relics] Slot 6 Effect 2,0,0,0,0,0,33,[0|0|0|0],0,[0|0|0|0|0|0|0|0]
10862,[Status - Relics] Slot 6 Effect 3,0,0,0,0,0,33,[0|0|0|0],0,[0|0|0|0|0|0|0|0]
10870,[Status - Relics] Slot 4 Effect 1 (Stacks),0,0,0,0,0,0,[0|0|0|0],0,[0|0|0|0|0|0|0|0]
10871,[Status - Relics] Slot 4 Effect 2 (Stacks),0,0,0,0,0,0,[0|0|0|0],0,[0|0|0|0|0|0|0|0]
10872,[Status - Relics] Slot 4 Effect 3 (Stacks),0,0,0,0,0,0,[0|0|0|0],0,[0|0|0|0|0|0|0|0]
10880,[Status - Relics] Slot 5 Effect 1 (Stacks),0,0,0,0,0,0,[0|0|0|0],0,[0|0|0|0|0|0|0|0]
10881,[Status - Relics] Slot 5 Effect 2 (Stacks),0,0,0,0,0,0,[0|0|0|0],0,[0|0|0|0|0|0|0|0]
10882,[Status - Relics] Slot 5 Effect 3 (Stacks),0,0,0,0,0,0,[0|0|0|0],0,[0|0|0|0|0|0|0|0]
10890,[Status - Relics] Slot 6 Effect 1 (Stacks),0,0,0,0,0,0,[0|0|0|0],0,[0|0|0|0|0|0|0|0]
10891,[Status - Relics] Slot 6 Effect 2 (Stacks),0,0,0,0,0,0,[0|0|0|0],0,[0|0|0|0|0|0|0|0]
10892,[Status - Relics] Slot 6 Effect 3 (Stacks),0,0,0,0,0,0,[0|0|0|0],0,[0|0|0|0|0|0|0|0]
11000,[Hero] Character Skill (Caption),10350,32000,0,0,0,0,[0|0|0|0],0,[0|0|0|0|0|0|0|0]
11001,[Hero] Character Skill (Name),-1,-1,0,0,0,0,[0|0|0|0],0,[0|0|0|0|0|0|0|0]
11002,[Hero] Character Skill (Description),-1,-1,0,0,0,0,[0|0|0|0],0,[0|0|0|0|0|0|0|0]
11003,[Hero] Character Skill (Icon),0,0,0,0,0,33,[0|0|0|0],0,[0|0|0|0|0|0|0|0]
11004,[Hero] Ultimate Art (Caption),10351,32001,0,0,0,0,[0|0|0|0],0,[0|0|0|0|0|0|0|0]
11005,[Hero] Ultimate Art (Name),-1,-1,0,0,0,0,[0|0|0|0],0,[0|0|0|0|0|0|0|0]
11006,[Hero] Ultimate Art (Description),-1,-1,0,0,0,0,[0|0|0|0],0,[0|0|0|0|0|0|0|0]
11007,[Hero] Ultimate Art (Icon),0,0,0,0,0,33,[0|0|0|0],0,[0|0|0|0|0|0|0|0]
11008,[Hero] Passive Ability (Caption),10352,32002,0,0,0,0,[0|0|0|0],0,[0|0|0|0|0|0|0|0]
11009,[Hero] Passive Ability (Name),-1,-1,0,0,0,0,[0|0|0|0],0,[0|0|0|0|0|0|0|0]
11010,[Hero] Passive Ability (Description),-1,-1,0,0,0,0,[0|0|0|0],0,[0|0|0|0|0|0|0|0]
11011,[Hero] Passive Ability (Icon),0,0,0,0,0,33,[0|0|0|0],0,[0|0|0|0|0|0|0|0]
11012,[Visual Codex] Battle Record - Character,138289,32003,0,0,0,0,[0|0|0|0],0,[0|0|0|0|0|0|0|0]
11013,[Visual Codex] No. of Expeditions,10360,-1,0,0,0,0,[0|0|0|0],0,[0|0|0|0|0|0|0|0]
11014,,-1,-1,0,0,0,100,[0|0|0|0],0,[0|0|0|0|0|0|0|0]
11015,,-1,-1,0,0,0,100,[0|0|0|0],0,[0|0|0|0|0|0|0|0]
11016,,-1,-1,0,0,0,100,[0|0|0|0],0,[0|0|0|0|0|0|0|0]
11017,,-1,-1,0,0,0,100,[0|0|0|0],0,[0|0|0|0|0|0|0|0]
11018,,-1,-1,0,0,0,100,[0|0|0|0],0,[0|0|0|0|0|0|0|0]
11019,[Hero] Character Skill (Extra),-1,-1,0,0,0,0,[0|0|0|0],0,[0|0|0|0|0|0|0|0]
11020,[Hero] Ultimate Art (Extra),-1,-1,0,0,0,0,[0|0|0|0],0,[0|0|0|0|0|0|0|0]
11021,[Hero] Passive Ability (Extra),-1,-1,0,0,0,0,[0|0|0|0],0,[0|0|0|0|0|0|0|0]
11050,[Hero] Grade - HP,10500,0,0,0,0,0,[0|0|0|0],0,[0|0|0|0|0|0|0|0]
11051,[Hero] Grade - FP,10501,0,0,0,0,0,[0|0|0|0],0,[0|0|0|0|0|0|0|0]
11052,[Hero] Grade - Stamina,10502,0,0,0,0,0,[0|0|0|0],0,[0|0|0|0|0|0|0|0]
11053,[Hero] Grade - Strength,11314,0,0,0,0,0,[0|0|0|0],0,[0|0|0|0|0|0|0|0]
11054,[Hero] Grade - Dexterity,11315,0,0,0,0,0,[0|0|0|0],0,[0|0|0|0|0|0|0|0]
11055,[Hero] Grade - Intelligence,11316,0,0,0,0,0,[0|0|0|0],0,[0|0|0|0|0|0|0|0]
11056,[Hero] Grade - Faith,11317,0,0,0,0,0,[0|0|0|0],0,[0|0|0|0|0|0|0|0]
11057,[Hero] Grade - Arcane,11318,0,0,0,0,0,[0|0|0|0],0,[0|0|0|0|0|0|0|0]
12000,[Relic] Characteristics (Color),136021,-1,0,0,0,0,[0|0|0|0],0,[0|0|0|0|0|0|0|0]
12002,[Relic] Size,136020,-1,0,0,0,0,[0|0|0|0],0,[0|0|0|0|0|0|0|0]
12003,,0,0,0,0,0,33,[0|0|0|0],0,[0|0|0|0|0|0|0|0]
12004,,0,0,0,0,0,33,[0|0|0|0],0,[0|0|0|0|0|0|0|0]
12005,,0,0,0,0,0,33,[0|0|0|0],0,[0|0|0|0|0|0|0|0]
12010,,-1,-1,0,0,0,45,[0|0|0|0],0,[0|0|0|0|0|0|0|0]
12011,,-1,-1,0,0,0,45,[0|0|0|0],0,[0|0|0|0|0|0|0|0]
12012,,-1,-1,0,0,0,45,[0|0|0|0],0,[0|0|0|0|0|0|0|0]
12020,,0,0,0,0,0,0,[0|0|0|0],0,[0|0|0|0|0|0|0|0]
12021,,0,0,0,0,0,0,[0|0|0|0],0,[0|0|0|0|0|0|0|0]
12022,,0,0,0,0,0,0,[0|0|0|0],0,[0|0|0|0|0|0|0|0]
13000,[Expedition] Boss Title,-1,-1,0,0,0,0,[0|0|0|0],0,[0|0|0|0|0|0|0|0]
13001,[Expedition] Boss Name,-1,-1,0,0,0,0,[0|0|0|0],0,[0|0|0|0|0|0|0|0]
13002,[Expedition] Boss Description,-1,-1,0,0,0,0,[0|0|0|0],0,[0|0|0|0|0|0|0|0]
13003,,-1,-1,0,0,0,33,[0|0|0|0],0,[0|0|0|0|0|0|0|0]
13004,[Expedition] Background Icon,-1,-1,0,0,0,33,[0|0|0|0],0,[0|0|0|0|0|0|0|0]
13005,[Expedition] Effective,131010,-1,0,0,0,0,[0|0|0|0],0,[0|0|0|0|0|0|0|0]
13006,[Expedition] Boss Icon,-1,-1,0,0,0,33,[0|0|0|0],0,[0|0|0|0|0|0|0|0]
13100,,0,0,0,0,0,0,[0|0|0|0],10000,[0|0|0|0|0|0|0|0]
13101,,0,0,0,0,0,0,[0|0|0|0],0,[0|0|0|0|0|0|0|0]
13102,,0,0,0,0,0,0,[0|0|0|0],0,[0|0|0|0|0|0|0|0]
13103,,0,0,0,0,0,33,[0|0|0|0],0,[0|0|0|0|0|0|0|0]
13104,,0,0,0,0,0,33,[0|0|0|0],0,[0|0|0|0|0|0|0|0]
20300,,-1,-1,0,1,0,0,[0|0|0|0],0,[0|0|0|0|0|0|0|0]
20301,,-1,-1,0,1,0,0,[0|0|0|0],0,[0|0|0|0|0|0|0|0]
20302,,-1,-1,0,1,0,0,[0|0|0|0],0,[0|0|0|0|0|0|0|0]
20303,,-1,-1,0,1,0,0,[0|0|0|0],0,[0|0|0|0|0|0|0|0]
20400,,-1,-1,0,1,0,0,[0|0|0|0],0,[0|0|0|0|0|0|0|0]
20401,,-1,-1,0,1,0,0,[0|0|0|0],0,[0|0|0|0|0|0|0|0]
20500,,-1,-1,0,1,0,0,[0|0|0|0],0,[0|0|0|0|0|0|0|0]
20600,,-1,-1,0,1,0,0,[0|0|0|0],0,[0|0|0|0|0|0|0|0]
20700,,-1,-1,0,1,0,0,[0|0|0|0],0,[0|0|0|0|0|0|0|0]
20701,,-1,0,0,0,0,0,[0|0|0|0],0,[0|0|0|0|0|0|0|0]
20800,,-1,-1,0,1,0,0,[0|0|0|0],0,[0|0|0|0|0|0|0|0]
20801,,-1,-1,0,1,0,0,[0|0|0|0],0,[0|0|0|0|0|0|0|0]
20802,,-1,-1,0,1,0,0,[0|0|0|0],0,[0|0|0|0|0|0|0|0]
20803,,-1,-1,0,1,0,0,[0|0|0|0],0,[0|0|0|0|0|0|0|0]
20804,,-1,-1,0,1,0,0,[0|0|0|0],0,[0|0|0|0|0|0|0|0]
20805,,0,0,0,0,0,0,[0|0|0|0],0,[0|0|0|0|0|0|0|0]
21000,,146100,35000,0,0,0,0,[0|0|0|0],0,[0|0|0|0|0|0|0|0]
21001,,146101,35001,0,0,0,0,[0|0|0|0],0,[0|0|0|0|0|0|0|0]
21002,,146102,35002,0,0,0,0,[0|0|0|0],0,[0|0|0|0|0|0|0|0]
21003,,146103,35003,0,0,0,0,[0|0|0|0],0,[0|0|0|0|0|0|0|0]
21004,,146104,35004,0,0,0,0,[0|0|0|0],0,[0|0|0|0|0|0|0|0]
21100,,-1,-1,0,0,0,0,[0|0|0|0],0,[0|0|0|0|0|0|0|0]
21101,,10204,-1,0,0,0,0,[0|0|0|0],0,[0|0|0|0|0|0|0|0]
21102,,-1,35006,0,0,0,0,[0|0|0|0],0,[0|0|0|0|0|0|0|0]
21103,,-1,35007,0,0,0,0,[0|0|0|0],0,[0|0|0|0|0|0|0|0]
21104,,-1,35000,0,0,0,0,[0|0|0|0],0,[0|0|0|0|0|0|0|0]
21105,,-1,35001,0,0,0,0,[0|0|0|0],0,[0|0|0|0|0|0|0|0]
21106,,-1,35008,0,0,0,0,[0|0|0|0],0,[0|0|0|0|0|0|0|0]
21107,,-1,35009,0,0,0,0,[0|0|0|0],0,[0|0|0|0|0|0|0|0]
21108,,-1,35010,0,0,0,0,[0|0|0|0],0,[0|0|0|0|0|0|0|0]
21200,,-1,-1,0,0,0,0,[0|0|0|0],0,[0|0|0|0|0|0|0|0]
21201,,10204,-1,0,0,0,0,[0|0|0|0],0,[0|0|0|0|0|0|0|0]
21202,,-1,35006,0,0,0,0,[0|0|0|0],0,[0|0|0|0|0|0|0|0]
21203,,-1,35007,0,0,0,0,[0|0|0|0],0,[0|0|0|0|0|0|0|0]
21204,,-1,35000,0,0,0,0,[0|0|0|0],0,[0|0|0|0|0|0|0|0]
21205,,-1,35001,0,0,0,0,[0|0|0|0],0,[0|0|0|0|0|0|0|0]
21206,,-1,35008,0,0,0,0,[0|0|0|0],0,[0|0|0|0|0|0|0|0]
21207,,-1,35009,0,0,0,0,[0|0|0|0],0,[0|0|0|0|0|0|0|0]
21208,,-1,35010,0,0,0,0,[0|0|0|0],0,[0|0|0|0|0|0|0|0]
21300,,-1,-1,0,0,0,0,[0|0|0|0],0,[0|0|0|0|0|0|0|0]
21301,,10204,-1,0,0,0,0,[0|0|0|0],0,[0|0|0|0|0|0|0|0]
21302,,-1,35006,0,0,0,0,[0|0|0|0],0,[0|0|0|0|0|0|0|0]
21303,,-1,35007,0,0,0,0,[0|0|0|0],0,[0|0|0|0|0|0|0|0]
21304,,-1,35000,0,0,0,0,[0|0|0|0],0,[0|0|0|0|0|0|0|0]
21305,,-1,35001,0,0,0,0,[0|0|0|0],0,[0|0|0|0|0|0|0|0]
21306,,-1,35008,0,0,0,0,[0|0|0|0],0,[0|0|0|0|0|0|0|0]
21307,,-1,35009,0,0,0,0,[0|0|0|0],0,[0|0|0|0|0|0|0|0]
21308,,-1,35010,0,0,0,0,[0|0|0|0],0,[0|0|0|0|0|0|0|0]
21500,,146106,0,0,0,0,0,[0|0|0|0],0,[0|0|0|0|0|0|0|0]
22000,[Battle Record - Summary] Play time,138220,-1,0,0,0,5,[0|0|0|0],0,[0|0|0|0|0|0|0|0]
22001,[Battle Record - Summary] Expedition time,138251,0,0,0,0,5,[0|0|0|0],0,[0|0|0|0|0|0|0|0]
22002,[Battle Record - Summary] Total expeditions,138221,-1,0,0,0,0,[0|0|0|0],0,[0|0|0|0|0|0|0|0]
22003,[Battle Record - Summary] Wins,138223,-1,0,0,0,0,[0|0|0|0],0,[0|0|0|0|0|0|0|0]
22004,[Battle Record - Summary] Win streak,138224,-1,0,0,0,0,[0|0|0|0],0,[0|0|0|0|0|0|0|0]
22005,[Battle Record - Summary] 'Win streak (Depths)',138252,0,0,0,0,0,[0|0|0|0],0,[0|0|0|0|0|0|0|0]
22006,[Battle Record - All] Runes acquired,138253,0,0,0,0,0,[0|0|0|0],0,[0|0|0|0|0|0|0|0]
22007,[Battle Record - All] Runes used,138254,0,0,0,0,0,[0|0|0|0],0,[0|0|0|0|0|0|0|0]
22008,[Battle Record - All] Murk acquired,138255,0,0,0,0,0,[0|0|0|0],0,[0|0|0|0|0|0|0|0]
22009,[Battle Record - All] Sovereign Sigils acquired,138256,0,0,0,0,0,[0|0|0|0],0,[0|0|0|0|0|0|0|0]
22010,[Battle Record - All] Ending reached,138258,0,0,0,0,0,[0|0|0|0],0,[0|0|0|0|0|0|0|0]
22011,[Battle Record - All] Enemies felled,138264,0,0,0,0,0,[0|0|0|0],0,[0|0|0|0|0|0|0|0]
22012,[Battle Record - All] Great enemies felled,138265,0,0,0,0,0,[0|0|0|0],0,[0|0|0|0|0|0|0|0]
22013,[Battle Record - All] Chests opened,138266,0,0,0,0,0,[0|0|0|0],0,[0|0|0|0|0|0|0|0]
22014,[Battle Record - All] Grace discovered,138267,0,0,0,0,0,[0|0|0|0],0,[0|0|0|0|0|0|0|0]
22015,[Battle Record - All] Encounters with shifting earth,138273,0,0,0,0,0,[0|0|0|0],0,[0|0|0|0|0|0|0|0]
22016,[Battle Record - All] Raid events completed,138275,0,0,0,0,0,[0|0|0|0],0,[0|0|0|0|0|0|0|0]
22017,[Battle Record - Personal Bests] Greatest attack,138225,-1,0,0,0,0,[0|0|0|0],0,[0|0|0|0|0|0|0|0]
22018,[Battle Record - Personal Bests] Runes acquired,138279,0,0,0,0,0,[0|0|0|0],0,[0|0|0|0|0|0|0|0]
22019,[Battle Record - Personal Bests] Runes used,138280,0,0,0,0,0,[0|0|0|0],0,[0|0|0|0|0|0|0|0]
22020,[Battle Record - Personal Bests] Enemies felled,138283,0,0,0,0,0,[0|0|0|0],0,[0|0|0|0|0|0|0|0]
22021,[Battle Record - Personal Bests] Great enemies felled,138284,0,0,0,0,0,[0|0|0|0],0,[0|0|0|0|0|0|0|0]
22022,[Battle Record - Personal Bests] Chests opened,138285,0,0,0,0,0,[0|0|0|0],0,[0|0|0|0|0|0|0|0]
22023,[Battle Record - Personal Bests] Grace discovered ,138286,0,0,0,0,0,[0|0|0|0],0,[0|0|0|0|0|0|0|0]
22024,[Battle Record - All] Rescues performed,138257,0,0,0,0,0,[0|0|0|0],0,[0|0|0|0|0|0|0|0]
22025,[Battle Record - Personal Bests] Rescues performed,138287,0,0,0,0,0,[0|0|0|0],0,[0|0|0|0|0|0|0|0]
22026,[Battle Record - All] Effects & powers gained,138271,0,0,0,0,0,[0|0|0|0],0,[0|0|0|0|0|0|0|0]
22027,[Battle Record - Personal Bests] Special effects obtained,138288,0,0,0,0,0,[0|0|0|0],0,[0|0|0|0|0|0|0|0]
22028,[Battle Record - All] Armaments discovered,138268,0,0,0,0,0,[0|0|0|0],0,[0|0|0|0|0|0|0|0]
22029,[Battle Record - Personal Bests] Runes lost,138281,0,0,0,0,0,[0|0|0|0],0,[0|0|0|0|0|0|0|0]
22100,,138296,0,0,0,0,0,[0|0|0|0],0,[0|0|0|0|0|0|0|0]
22101,,138297,0,0,0,0,0,[0|0|0|0],0,[0|0|0|0|0|0|0|0]
22102,,0,0,0,0,0,33,[0|0|0|0],0,[0|0|0|0|0|0|0|0]
22103,,138295,0,0,0,0,0,[0|0|0|0],0,[0|0|0|0|0|0|0|0]
22300,[Battle Record - Character Usage] Wylder (Name),-1,0,0,0,0,0,[0|0|0|0],0,[0|0|0|0|0|0|0|0]
22301,[Battle Record - Character Usage] Guardian (Name),-1,0,0,0,0,0,[0|0|0|0],0,[0|0|0|0|0|0|0|0]
22302,[Battle Record - Character Usage] Ironeye (Name),-1,0,0,0,0,0,[0|0|0|0],0,[0|0|0|0|0|0|0|0]
22303,[Battle Record - Character Usage] Duchess (Name),-1,0,0,0,0,0,[0|0|0|0],0,[0|0|0|0|0|0|0|0]
22304,[Battle Record - Character Usage] Raider (Name),-1,0,0,0,0,0,[0|0|0|0],0,[0|0|0|0|0|0|0|0]
22305,[Battle Record - Character Usage] Revenant (Name),-1,0,0,0,0,0,[0|0|0|0],0,[0|0|0|0|0|0|0|0]
22306,[Battle Record - Character Usage] Recluse (Name),-1,0,0,0,0,0,[0|0|0|0],0,[0|0|0|0|0|0|0|0]
22307,[Battle Record - Character Usage] Executor (Name),-1,0,0,0,0,0,[0|0|0|0],0,[0|0|0|0|0|0|0|0]
22308,,-1,0,0,0,0,0,[0|0|0|0],0,[0|0|0|0|0|0|0|0]
22309,,-1,0,0,0,0,0,[0|0|0|0],0,[0|0|0|0|0|0|0|0]
22310,[Battle Record - Character Usage] Wylder (Uses),-1,0,0,0,0,0,[0|0|0|0],0,[0|0|0|0|0|0|0|0]
22311,[Battle Record - Character Usage] Guardian (Uses),-1,0,0,0,0,0,[0|0|0|0],0,[0|0|0|0|0|0|0|0]
22312,[Battle Record - Character Usage] Ironeye (Uses),-1,0,0,0,0,0,[0|0|0|0],0,[0|0|0|0|0|0|0|0]
22313,[Battle Record - Character Usage] Duchess (Uses),-1,0,0,0,0,0,[0|0|0|0],0,[0|0|0|0|0|0|0|0]
22314,[Battle Record - Character Usage] Raider (Uses),-1,0,0,0,0,0,[0|0|0|0],0,[0|0|0|0|0|0|0|0]
22315,[Battle Record - Character Usage] Revenant (Uses),-1,0,0,0,0,0,[0|0|0|0],0,[0|0|0|0|0|0|0|0]
22316,[Battle Record - Character Usage] Recluse (Uses),-1,0,0,0,0,0,[0|0|0|0],0,[0|0|0|0|0|0|0|0]
22317,[Battle Record - Character Usage] Executor (Uses),-1,0,0,0,0,0,[0|0|0|0],0,[0|0|0|0|0|0|0|0]
22318,,-1,0,0,0,0,0,[0|0|0|0],0,[0|0|0|0|0|0|0|0]
22319,,-1,0,0,0,0,0,[0|0|0|0],0,[0|0|0|0|0|0|0|0]
22400,[Battle Record - Victories Achieved] Gladius (Name),-1,0,0,0,0,0,[0|0|0|0],0,[0|0|0|0|0|0|0|0]
22401,[Battle Record - Victories Achieved] Adel (Name),-1,0,0,0,0,0,[0|0|0|0],0,[0|0|0|0|0|0|0|0]
22402,[Battle Record - Victories Achieved] Gnoster (Name),-1,0,0,0,0,0,[0|0|0|0],0,[0|0|0|0|0|0|0|0]
22403,[Battle Record - Victories Achieved] Maris (Name),-1,0,0,0,0,0,[0|0|0|0],0,[0|0|0|0|0|0|0|0]
22404,[Battle Record - Victories Achieved] Libra (Name),-1,0,0,0,0,0,[0|0|0|0],0,[0|0|0|0|0|0|0|0]
22405,[Battle Record - Victories Achieved] Fulghor (Name),-1,0,0,0,0,0,[0|0|0|0],0,[0|0|0|0|0|0|0|0]
22406,[Battle Record - Victories Achieved] Caligo (Name),-1,0,0,0,0,0,[0|0|0|0],0,[0|0|0|0|0|0|0|0]
22407,[Battle Record - Victories Achieved] Heolstor (Name),-1,0,0,0,0,0,[0|0|0|0],0,[0|0|0|0|0|0|0|0]
22408,,-1,0,0,0,0,0,[0|0|0|0],0,[0|0|0|0|0|0|0|0]
22409,,-1,0,0,0,0,0,[0|0|0|0],0,[0|0|0|0|0|0|0|0]
22410,[Battle Record - Victories Achieved] Gladius (Victories),-1,0,0,0,0,0,[0|0|0|0],0,[0|0|0|0|0|0|0|0]
22411,[Battle Record - Victories Achieved] Adel (Victories),-1,0,0,0,0,0,[0|0|0|0],0,[0|0|0|0|0|0|0|0]
22412,[Battle Record - Victories Achieved] Gnoster (Victories),-1,0,0,0,0,0,[0|0|0|0],0,[0|0|0|0|0|0|0|0]
22413,[Battle Record - Victories Achieved] Maris (Victories),-1,0,0,0,0,0,[0|0|0|0],0,[0|0|0|0|0|0|0|0]
22414,[Battle Record - Victories Achieved] Libra (Victories),-1,0,0,0,0,0,[0|0|0|0],0,[0|0|0|0|0|0|0|0]
22415,[Battle Record - Victories Achieved] Fulghor (Victories),-1,0,0,0,0,0,[0|0|0|0],0,[0|0|0|0|0|0|0|0]
22416,[Battle Record - Victories Achieved] Caligo (Victories),-1,0,0,0,0,0,[0|0|0|0],0,[0|0|0|0|0|0|0|0]
22417,[Battle Record - Victories Achieved] Heolstor (Victories),-1,0,0,0,0,0,[0|0|0|0],0,[0|0|0|0|0|0|0|0]
22418,,-1,0,0,0,0,0,[0|0|0|0],0,[0|0|0|0|0|0|0|0]
22419,,-1,0,0,0,0,0,[0|0|0|0],0,[0|0|0|0|0|0|0|0]
22420,,-1,0,0,0,0,0,[0|0|0|0],0,[0|0|0|0|0|0|0|0]
22421,,-1,0,0,0,0,0,[0|0|0|0],0,[0|0|0|0|0|0|0|0]
22422,,-1,0,0,0,0,0,[0|0|0|0],0,[0|0|0|0|0|0|0|0]
22423,,-1,0,0,0,0,0,[0|0|0|0],0,[0|0|0|0|0|0|0|0]
22424,,-1,0,0,0,0,0,[0|0|0|0],0,[0|0|0|0|0|0|0|0]
22425,,-1,0,0,0,0,0,[0|0|0|0],0,[0|0|0|0|0|0|0|0]
22426,,-1,0,0,0,0,0,[0|0|0|0],0,[0|0|0|0|0|0|0|0]
22427,,-1,0,0,0,0,0,[0|0|0|0],0,[0|0|0|0|0|0|0|0]
22428,,-1,0,0,0,0,0,[0|0|0|0],0,[0|0|0|0|0|0|0|0]
22429,,-1,0,0,0,0,0,[0|0|0|0],0,[0|0|0|0|0|0|0|0]
23000,,147150,0,0,0,0,0,[0|0|0|0],0,[0|0|0|0|0|0|0|0]
23001,,147151,0,0,0,0,700,[0|0|0|0],0,[0|0|0|0|0|0|0|0]
23002,,147152,0,0,0,0,710,[0|0|0|0],0,[0|0|0|0|0|0|0|0]
23003,,-1,0,0,0,0,710,[0|0|0|0],0,[0|0|0|0|0|0|0|0]
23004,,-1,0,0,0,0,710,[0|0|0|0],0,[0|0|0|0|0|0|0|0]
23010,,-1,0,0,0,0,0,[0|0|0|0],0,[0|0|0|0|0|0|0|0]
30000,[Caption] Attribute Scaling,20003,33002,0,0,0,0,[0|0|0|0],0,[0|0|0|0|0|0|0|0]
30001,,20007,33012,0,0,0,0,[0|0|0|0],0,[0|0|0|0|0|0|0|0]
30002,[Caption] Scholar: Bagcraft,20020,33008,0,0,0,0,[0|0|0|0],0,[0|0|0|0|0|0|0|0]
39999,,0,-1,0,1,0,0,[0|0|0|0],0,[0|0|0|0|0|0|0|0]
100000,,0,0,0,1,0,0,[0|0|0|0],0,[0|0|0|0|0|0|0|0]
